BI,BV,AI,AV   prendi BI e BV
-96.7070E-3,-2.2000E+0,9.1290E-3,000.0000E-3
-95.8085E-3,-2.1900E+0,9.0506E-3,000.0000E-3
-94.9099E-3,-2.1800E+0,8.9480E-3,000.0000E-3
-94.0098E-3,-2.1700E+0,8.8788E-3,000.0000E-3
-93.1032E-3,-2.1600E+0,8.8167E-3,000.0000E-3
-92.1829E-3,-2.1500E+0,8.7271E-3,000.0000E-3
-91.2708E-3,-2.1400E+0,8.6264E-3,000.0000E-3
-90.3831E-3,-2.1300E+0,8.5655E-3,000.0000E-3
-89.4739E-3,-2.1200E+0,8.4876E-3,000.0000E-3
-88.5572E-3,-2.1100E+0,8.4100E-3,000.0000E-3
-87.6359E-3,-2.1000E+0,8.3472E-3,000.0000E-3
-86.7237E-3,-2.0900E+0,8.2811E-3,000.0000E-3
-85.8049E-3,-2.0800E+0,8.1915E-3,000.0000E-3
-84.8893E-3,-2.0700E+0,8.1026E-3,000.0000E-3
-83.9742E-3,-2.0600E+0,8.0474E-3,000.0000E-3
-83.0627E-3,-2.0500E+0,7.9863E-3,000.0000E-3
-82.1884E-3,-2.0400E+0,7.8939E-3,000.0000E-3
-81.3352E-3,-2.0300E+0,7.8300E-3,000.0000E-3
-80.4235E-3,-2.0200E+0,7.7578E-3,000.0000E-3
-79.5084E-3,-2.0100E+0,7.6768E-3,000.0000E-3
-78.5922E-3,-2.0000E+0,7.5980E-3,000.0000E-3
-77.6725E-3,-1.9900E+0,7.5065E-3,000.0000E-3
-76.7571E-3,-1.9800E+0,7.4306E-3,000.0000E-3
-75.8422E-3,-1.9700E+0,7.3624E-3,000.0000E-3
-74.9240E-3,-1.9600E+0,7.2898E-3,000.0000E-3
-74.0097E-3,-1.9500E+0,7.2008E-3,000.0000E-3
-73.0947E-3,-1.9400E+0,7.1207E-3,000.0000E-3
-72.1809E-3,-1.9300E+0,7.0535E-3,000.0000E-3
-71.2634E-3,-1.9200E+0,6.9779E-3,000.0000E-3
-70.3473E-3,-1.9100E+0,6.8750E-3,000.0000E-3
-69.4355E-3,-1.9000E+0,6.8001E-3,000.0000E-3
-68.5295E-3,-1.8900E+0,6.7383E-3,000.0000E-3
-67.6224E-3,-1.8800E+0,6.6578E-3,000.0000E-3
-66.7115E-3,-1.8700E+0,6.5788E-3,000.0000E-3
-65.7995E-3,-1.8600E+0,6.4966E-3,000.0000E-3
-64.8903E-3,-1.8500E+0,6.4214E-3,000.0000E-3
-63.9847E-3,-1.8400E+0,6.3298E-3,000.0000E-3
-63.0813E-3,-1.8300E+0,6.2550E-3,000.0000E-3
-62.1795E-3,-1.8200E+0,6.1833E-3,000.0000E-3
-61.2740E-3,-1.8100E+0,6.0985E-3,000.0000E-3
-60.3749E-3,-1.8000E+0,6.0205E-3,000.0000E-3
-59.4764E-3,-1.7900E+0,5.9397E-3,000.0000E-3
-58.5813E-3,-1.7800E+0,5.8685E-3,000.0000E-3
-57.6852E-3,-1.7700E+0,5.7954E-3,000.0000E-3
-56.7919E-3,-1.7600E+0,5.7147E-3,000.0000E-3
-55.8991E-3,-1.7500E+0,5.6415E-3,000.0000E-3
-55.0139E-3,-1.7400E+0,5.5683E-3,000.0000E-3
-54.1243E-3,-1.7300E+0,5.4881E-3,000.0000E-3
-53.2389E-3,-1.7200E+0,5.4162E-3,000.0000E-3
-52.3520E-3,-1.7100E+0,5.3412E-3,000.0000E-3
-51.4977E-3,-1.7000E+0,5.2673E-3,000.0000E-3
-50.6142E-3,-1.6900E+0,5.1875E-3,000.0000E-3
-49.7320E-3,-1.6800E+0,5.1102E-3,000.0000E-3
-48.8535E-3,-1.6700E+0,5.0369E-3,000.0000E-3
-47.9763E-3,-1.6600E+0,4.9546E-3,000.0000E-3
-47.1015E-3,-1.6500E+0,4.8745E-3,000.0000E-3
-46.2269E-3,-1.6400E+0,4.8018E-3,000.0000E-3
-45.3533E-3,-1.6300E+0,4.7243E-3,000.0000E-3
-44.4799E-3,-1.6200E+0,4.6517E-3,000.0000E-3
-43.6109E-3,-1.6100E+0,4.5746E-3,000.0000E-3
-42.7401E-3,-1.6000E+0,4.4969E-3,000.0000E-3
-41.8686E-3,-1.5900E+0,4.4220E-3,000.0000E-3
-40.9993E-3,-1.5800E+0,4.3449E-3,000.0000E-3
-40.1278E-3,-1.5700E+0,4.2713E-3,000.0000E-3
-39.2545E-3,-1.5600E+0,4.1925E-3,000.0000E-3
-38.3802E-3,-1.5500E+0,4.1192E-3,000.0000E-3
-37.5050E-3,-1.5400E+0,4.0501E-3,000.0000E-3
-36.6212E-3,-1.5300E+0,3.9735E-3,000.0000E-3
-35.7341E-3,-1.5200E+0,3.9042E-3,000.0000E-3
-34.8383E-3,-1.5100E+0,3.8364E-3,000.0000E-3
-33.9274E-3,-1.5000E+0,3.7660E-3,000.0000E-3
-32.9944E-3,-1.4900E+0,3.6987E-3,000.0000E-3
-32.0298E-3,-1.4800E+0,3.6362E-3,000.0000E-3
-31.0213E-3,-1.4700E+0,3.5733E-3,000.0000E-3
-29.9757E-3,-1.4600E+0,3.5177E-3,000.0000E-3
-28.9551E-3,-1.4500E+0,3.4623E-3,000.0000E-3
-28.0238E-3,-1.4400E+0,3.3969E-3,000.0000E-3
-27.1682E-3,-1.4300E+0,3.3211E-3,000.0000E-3
-26.3656E-3,-1.4200E+0,3.2480E-3,000.0000E-3
-25.6004E-3,-1.4100E+0,3.1772E-3,000.0000E-3
-24.8598E-3,-1.4000E+0,3.0960E-3,000.0000E-3
-24.1394E-3,-1.3900E+0,3.0155E-3,000.0000E-3
-23.4396E-3,-1.3800E+0,2.9401E-3,000.0000E-3
-22.7515E-3,-1.3700E+0,2.8584E-3,000.0000E-3
-22.0783E-3,-1.3600E+0,2.7803E-3,000.0000E-3
-21.4361E-3,-1.3500E+0,2.7033E-3,000.0000E-3
-20.7829E-3,-1.3400E+0,2.6234E-3,000.0000E-3
-20.1381E-3,-1.3300E+0,2.5417E-3,000.0000E-3
-19.5035E-3,-1.3200E+0,2.4631E-3,000.0000E-3
-18.8780E-3,-1.3100E+0,2.3850E-3,000.0000E-3
-18.2598E-3,-1.3000E+0,2.3044E-3,000.0000E-3
-17.6512E-3,-1.2900E+0,2.2273E-3,000.0000E-3
-17.0503E-3,-1.2800E+0,2.1482E-3,000.0000E-3
-16.4572E-3,-1.2700E+0,2.0673E-3,000.0000E-3
-15.8738E-3,-1.2600E+0,1.9927E-3,000.0000E-3
-15.2975E-3,-1.2500E+0,1.9181E-3,000.0000E-3
-14.7285E-3,-1.2400E+0,1.8399E-3,000.0000E-3
-14.1676E-3,-1.2300E+0,1.7632E-3,000.0000E-3
-13.6153E-3,-1.2200E+0,1.6903E-3,000.0000E-3
-13.0717E-3,-1.2100E+0,1.6174E-3,000.0000E-3
-12.5344E-3,-1.2000E+0,1.5414E-3,000.0000E-3
-12.0079E-3,-1.1900E+0,1.4693E-3,000.0000E-3
-11.4910E-3,-1.1800E+0,1.4007E-3,000.0000E-3
-10.9810E-3,-1.1700E+0,1.3301E-3,000.0000E-3
-10.4791E-3,-1.1600E+0,1.2603E-3,000.0000E-3
-9.9882E-3,-1.1500E+0,1.1924E-3,000.0000E-3
-9.5058E-3,-1.1400E+0,1.1248E-3,000.0000E-3
-9.0320E-3,-1.1300E+0,1.0569E-3,000.0000E-3
-8.5693E-3,-1.1200E+0,993.2696E-6,000.0000E-3
-8.1166E-3,-1.1100E+0,930.7574E-6,000.0000E-3
-7.6743E-3,-1.1000E+0,868.8134E-6,000.0000E-3
-7.2424E-3,-1.0900E+0,808.0243E-6,000.0000E-3
-6.8205E-3,-1.0800E+0,749.0986E-6,000.0000E-3
-6.4099E-3,-1.0700E+0,693.6716E-6,000.0000E-3
-6.0097E-3,-1.0600E+0,638.9492E-6,000.0000E-3
-5.6186E-3,-1.0500E+0,585.7452E-6,000.0000E-3
-5.2355E-3,-1.0400E+0,534.4870E-6,000.0000E-3
-4.8535E-3,-1.0300E+0,486.1450E-6,000.0000E-3
-4.2036E-3,-1.0200E+0,450.1967E-6,000.0000E-3
-3.8770E-3,-1.0100E+0,403.8098E-6,000.0000E-3
-3.5869E-3,-1.0000E+0,362.6280E-6,000.0000E-3
-3.3032E-3,-990.0000E-3,321.5716E-6,000.0000E-3
-3.0343E-3,-980.0000E-3,282.5247E-6,000.0000E-3
-2.7801E-3,-970.0000E-3,246.6706E-6,000.0000E-3
-2.5399E-3,-960.0000E-3,213.7384E-6,000.0000E-3
-2.3144E-3,-950.0000E-3,183.2988E-6,000.0000E-3
-2.1038E-3,-940.0000E-3,155.5620E-6,000.0000E-3
-1.9080E-3,-930.0000E-3,130.6771E-6,000.0000E-3
-1.7260E-3,-920.0000E-3,108.4261E-6,000.0000E-3
-1.5584E-3,-910.0000E-3,88.8916E-6,000.0000E-3
-1.4045E-3,-900.0000E-3,71.9252E-6,000.0000E-3
-1.2637E-3,-890.0000E-3,57.3738E-6,000.0000E-3
-1.1353E-3,-880.0000E-3,45.0814E-6,000.0000E-3
-1.0186E-3,-870.0000E-3,34.9332E-6,000.0000E-3
-913.4971E-6,-860.0000E-3,26.8112E-6,000.0000E-3
-817.9342E-6,-850.0000E-3,20.1353E-6,000.0000E-3
-731.5273E-6,-840.0000E-3,14.9001E-6,000.0000E-3
-653.3110E-6,-830.0000E-3,10.8919E-6,000.0000E-3
-582.6054E-6,-820.0000E-3,7.8786E-6,000.0000E-3
-518.5105E-6,-810.0000E-3,5.6477E-6,000.0000E-3
-460.4424E-6,-800.0000E-3,4.0185E-6,000.0000E-3
-407.8647E-6,-790.0000E-3,3.1871E-6,000.0000E-3
-359.9045E-6,-780.0000E-3,2.3732E-6,000.0000E-3
-316.5527E-6,-770.0000E-3,1.8301E-6,000.0000E-3
-277.2352E-6,-760.0000E-3,1.4844E-6,000.0000E-3
-241.5759E-6,-750.0000E-3,1.3006E-6,000.0000E-3
-209.3344E-6,-740.0000E-3,1.1964E-6,000.0000E-3
-180.3395E-6,-730.0000E-3,1.1013E-6,000.0000E-3
-154.3112E-6,-720.0000E-3,955.7507E-9,000.0000E-3
-131.0544E-6,-710.0000E-3,752.0711E-9,000.0000E-3
-110.3797E-6,-700.0000E-3,509.8144E-9,000.0000E-3
-92.1649E-6,-690.0000E-3,250.6953E-9,000.0000E-3
-76.2619E-6,-680.0000E-3,158.8600E-9,000.0000E-3
-62.4429E-6,-670.0000E-3,101.6255E-9,000.0000E-3
-50.9109E-6,-660.0000E-3,67.2782E-9,000.0000E-3
-40.7165E-6,-650.0000E-3,44.9329E-9,000.0000E-3
-32.1254E-6,-640.0000E-3,29.4644E-9,000.0000E-3
-25.0389E-6,-630.0000E-3,20.3243E-9,000.0000E-3
-19.1814E-6,-620.0000E-3,13.4087E-9,000.0000E-3
-14.5008E-6,-610.0000E-3,8.9581E-9,000.0000E-3
-10.7778E-6,-600.0000E-3,5.8636E-9,000.0000E-3
-7.8986E-6,-590.0000E-3,3.8297E-9,000.0000E-3
-5.7085E-6,-580.0000E-3,2.5007E-9,000.0000E-3
-4.0732E-6,-570.0000E-3,1.6210E-9,000.0000E-3
-3.2111E-6,-560.0000E-3,1.5244E-9,000.0000E-3
-2.4264E-6,-550.0000E-3,1.0855E-9,000.0000E-3
-1.8868E-6,-540.0000E-3,742.1711E-12,000.0000E-3
-1.5042E-6,-530.0000E-3,460.9910E-12,000.0000E-3
-1.1996E-6,-520.0000E-3,233.1453E-12,000.0000E-3
-931.5311E-9,-510.0000E-3,75.6503E-12,000.0000E-3
-687.6380E-9,-500.0000E-3,5.8168E-12,000.0000E-3
-481.5178E-9,-490.0000E-3,-12.6072E-12,000.0000E-3
-285.5341E-9,-480.0000E-3,-8.4888E-12,000.0000E-3
-189.5331E-9,-470.0000E-3,-5.6228E-12,000.0000E-3
-126.7734E-9,-460.0000E-3,-2.0805E-12,000.0000E-3
-84.8316E-9,-450.0000E-3,-923.1885E-15,000.0000E-3
-56.7037E-9,-440.0000E-3,-309.5473E-15,000.0000E-3
-37.7314E-9,-430.0000E-3,108.6227E-15,000.0000E-3
-25.5235E-9,-420.0000E-3,228.4467E-15,000.0000E-3
-17.2094E-9,-410.0000E-3,231.5958E-15,000.0000E-3
-11.6143E-9,-400.0000E-3,224.0533E-15,000.0000E-3
-7.8699E-9,-390.0000E-3,203.1055E-15,000.0000E-3
-5.3036E-9,-380.0000E-3,172.5922E-15,000.0000E-3
-3.6006E-9,-370.0000E-3,139.5311E-15,000.0000E-3
-2.4355E-9,-360.0000E-3,115.1056E-15,000.0000E-3
-1.6476E-9,-350.0000E-3,98.2664E-15,000.0000E-3
-1.1167E-9,-340.0000E-3,73.5297E-15,000.0000E-3
-756.5525E-12,-330.0000E-3,58.0943E-15,000.0000E-3
-511.5630E-12,-320.0000E-3,46.6892E-15,000.0000E-3
-350.1359E-12,-310.0000E-3,40.3914E-15,000.0000E-3
-237.7194E-12,-300.0000E-3,27.9638E-15,000.0000E-3
-161.5833E-12,-290.0000E-3,24.7814E-15,000.0000E-3
-109.7311E-12,-280.0000E-3,14.3462E-15,000.0000E-3
-74.4551E-12,-270.0000E-3,14.0763E-15,000.0000E-3
-50.9080E-12,-260.0000E-3,13.2031E-15,000.0000E-3
-34.5091E-12,-250.0000E-3,9.3948E-15,000.0000E-3
-23.6056E-12,-240.0000E-3,4.9294E-15,000.0000E-3
-16.1642E-12,-230.0000E-3,5.3549E-15,000.0000E-3
-11.0717E-12,-220.0000E-3,-64.3978E-15,000.0000E-3
-7.6408E-12,-210.0000E-3,2.9817E-15,000.0000E-3
-5.2459E-12,-200.0000E-3,500.0107E-18,000.0000E-3
-3.5986E-12,-190.0000E-3,3.2975E-15,000.0000E-3
-2.5058E-12,-180.0000E-3,-527.7847E-18,000.0000E-3
-1.7356E-12,-170.0000E-3,290.0281E-18,000.0000E-3
-1.2116E-12,-160.0000E-3,-1.0141E-15,000.0000E-3
-850.8912E-15,-150.0000E-3,-1.4240E-15,000.0000E-3
-595.4205E-15,-140.0000E-3,-1.1109E-15,000.0000E-3
-419.3670E-15,-130.0000E-3,445.7788E-18,000.0000E-3
-295.2216E-15,-120.0000E-3,560.4343E-18,000.0000E-3
-212.4065E-15,-110.0000E-3,-3.1413E-15,000.0000E-3
-151.2122E-15,-100.0000E-3,-1.4290E-15,000.0000E-3
-107.8871E-15,-90.0000E-3,-1.2010E-15,000.0000E-3
-75.2847E-15,-80.0000E-3,-267.7224E-18,000.0000E-3
-59.8462E-15,-70.0000E-3,-5.9367E-15,000.0000E-3
-33.4024E-15,-60.0000E-3,-1.5589E-15,000.0000E-3
-26.9350E-15,-50.0000E-3,-4.6990E-15,000.0000E-3
-22.6870E-15,-40.0000E-3,-7.4847E-15,000.0000E-3
-4.6777E-15,-30.0000E-3,-3.8068E-15,000.0000E-3
-4.3575E-15,-20.0000E-3,-4.2742E-15,000.0000E-3
3.4645E-15,-10.0000E-3,-269.8463E-18,000.0000E-3
5.3805E-15,000.0000E-3,-3.5040E-15,000.0000E-3
9.5537E-15,10.0000E-3,-6.1657E-15,000.0000E-3
7.2523E-15,20.0000E-3,-4.0163E-15,000.0000E-3
14.9044E-15,30.0000E-3,-1.3645E-15,000.0000E-3
15.9348E-15,40.0000E-3,-2.9093E-15,000.0000E-3
15.5177E-15,50.0000E-3,-3.6470E-15,000.0000E-3
21.6770E-15,60.0000E-3,-1.5886E-15,000.0000E-3
23.4550E-15,70.0000E-3,1.2389E-15,000.0000E-3
25.0870E-15,80.0000E-3,-2.2867E-15,000.0000E-3
24.6621E-15,90.0000E-3,-3.7748E-15,000.0000E-3
27.3900E-15,100.0000E-3,-996.2357E-18,000.0000E-3
27.7514E-15,110.0000E-3,-3.2680E-15,000.0000E-3
30.2225E-15,120.0000E-3,-1.4287E-15,000.0000E-3
33.6987E-15,130.0000E-3,-1.1519E-15,000.0000E-3
37.6674E-15,140.0000E-3,737.0324E-18,000.0000E-3
43.5107E-15,150.0000E-3,-3.3606E-15,000.0000E-3
40.7593E-15,160.0000E-3,-1.3099E-15,000.0000E-3
45.1285E-15,170.0000E-3,-2.6118E-15,000.0000E-3
38.9674E-15,180.0000E-3,-3.5408E-15,000.0000E-3
47.1793E-15,190.0000E-3,-1.9605E-15,000.0000E-3
50.5590E-15,200.0000E-3,-632.3741E-18,000.0000E-3
50.1880E-15,210.0000E-3,-1.3847E-15,000.0000E-3
53.9907E-15,220.0000E-3,-2.6832E-15,000.0000E-3
56.5069E-15,230.0000E-3,-1.1089E-15,000.0000E-3
57.4843E-15,240.0000E-3,-978.7278E-18,000.0000E-3
55.1960E-15,250.0000E-3,-2.3331E-15,000.0000E-3
59.1530E-15,260.0000E-3,-4.5276E-15,000.0000E-3
62.9157E-15,270.0000E-3,-343.9024E-18,000.0000E-3
62.7248E-15,280.0000E-3,403.2439E-18,000.0000E-3
64.2588E-15,290.0000E-3,-132.2680E-18,000.0000E-3
70.3284E-15,300.0000E-3,-4.1128E-15,000.0000E-3
69.5978E-15,310.0000E-3,-2.6943E-15,000.0000E-3
66.5813E-15,320.0000E-3,-1.3600E-15,000.0000E-3
72.3019E-15,330.0000E-3,299.4009E-18,000.0000E-3
69.7918E-15,340.0000E-3,-1.3760E-15,000.0000E-3
72.4769E-15,350.0000E-3,-2.0351E-15,000.0000E-3
72.2818E-15,360.0000E-3,1.6689E-15,000.0000E-3
73.2135E-15,370.0000E-3,1.5785E-15,000.0000E-3
74.3293E-15,380.0000E-3,-7.3987E-15,000.0000E-3
73.9553E-15,390.0000E-3,-5.6362E-15,000.0000E-3
81.4994E-15,400.0000E-3,413.6406E-18,000.0000E-3
74.8645E-15,410.0000E-3,-3.6997E-15,000.0000E-3
77.5842E-15,420.0000E-3,-5.0040E-15,000.0000E-3
79.1966E-15,430.0000E-3,-1.1690E-15,000.0000E-3
78.8587E-15,440.0000E-3,-209.4105E-18,000.0000E-3
77.2517E-15,450.0000E-3,-2.0941E-15,000.0000E-3
79.2910E-15,460.0000E-3,-4.3714E-15,000.0000E-3
75.9715E-15,470.0000E-3,-2.8120E-15,000.0000E-3
79.4970E-15,480.0000E-3,5.2438E-18,000.0000E-3
81.3992E-15,490.0000E-3,-3.2718E-15,000.0000E-3
81.4516E-15,500.0000E-3,-3.0292E-15,000.0000E-3
77.5132E-15,510.0000E-3,-1.3319E-15,000.0000E-3
77.3031E-15,520.0000E-3,-1.2436E-15,000.0000E-3
82.6175E-15,530.0000E-3,-4.6237E-15,000.0000E-3
81.1662E-15,540.0000E-3,-4.7279E-15,000.0000E-3
79.3079E-15,550.0000E-3,-2.6662E-15,000.0000E-3
77.7481E-15,560.0000E-3,-308.8887E-18,000.0000E-3
80.5126E-15,570.0000E-3,-2.2734E-15,000.0000E-3
82.9618E-15,580.0000E-3,-4.3645E-15,000.0000E-3
81.5177E-15,590.0000E-3,-3.1588E-15,000.0000E-3
81.4468E-15,600.0000E-3,-644.0035E-18,000.0000E-3
84.1055E-15,610.0000E-3,-1.6517E-15,000.0000E-3
82.1858E-15,620.0000E-3,-3.6605E-15,000.0000E-3
85.0171E-15,630.0000E-3,-3.5780E-15,000.0000E-3
86.4933E-15,640.0000E-3,-1.3419E-15,000.0000E-3
84.8544E-15,650.0000E-3,932.1282E-18,000.0000E-3
81.6765E-15,660.0000E-3,-2.7198E-15,000.0000E-3
83.7904E-15,670.0000E-3,-4.3702E-15,000.0000E-3
78.0592E-15,680.0000E-3,-6.7080E-15,000.0000E-3
83.5237E-15,690.0000E-3,-1.9881E-15,000.0000E-3
86.2501E-15,700.0000E-3,-4.3737E-15,000.0000E-3
85.1172E-15,710.0000E-3,-4.2543E-15,000.0000E-3
82.1094E-15,720.0000E-3,-5.1190E-15,000.0000E-3
85.6202E-15,730.0000E-3,-3.5943E-15,000.0000E-3
87.8474E-15,740.0000E-3,-1.9573E-15,000.0000E-3
83.5817E-15,750.0000E-3,-4.0091E-15,000.0000E-3
85.4353E-15,760.0000E-3,-6.0232E-15,000.0000E-3
86.0582E-15,770.0000E-3,-5.6259E-15,000.0000E-3
83.4341E-15,780.0000E-3,-3.7758E-15,000.0000E-3
86.7326E-15,790.0000E-3,-3.3938E-15,000.0000E-3
86.1451E-15,800.0000E-3,-7.3669E-15,000.0000E-3
90.7858E-15,810.0000E-3,-6.9430E-15,000.0000E-3
89.6800E-15,820.0000E-3,-5.4876E-15,000.0000E-3
87.7789E-15,830.0000E-3,-7.5304E-15,000.0000E-3
88.1168E-15,840.0000E-3,-6.7918E-15,000.0000E-3
85.6012E-15,850.0000E-3,-10.5292E-15,000.0000E-3
88.7485E-15,860.0000E-3,-7.9295E-15,000.0000E-3
89.9857E-15,870.0000E-3,-7.7775E-15,000.0000E-3
93.6090E-15,880.0000E-3,-8.1861E-15,000.0000E-3
91.8919E-15,890.0000E-3,-10.7543E-15,000.0000E-3
92.9373E-15,900.0000E-3,-12.8539E-15,000.0000E-3
92.6081E-15,910.0000E-3,-12.5005E-15,000.0000E-3
93.9135E-15,920.0000E-3,-11.0039E-15,000.0000E-3
95.0807E-15,930.0000E-3,-14.9132E-15,000.0000E-3
97.4793E-15,940.0000E-3,-17.2718E-15,000.0000E-3
97.7280E-15,950.0000E-3,-16.2460E-15,000.0000E-3
97.7361E-15,960.0000E-3,-16.7263E-15,000.0000E-3
106.0941E-15,970.0000E-3,-19.9468E-15,000.0000E-3
106.9257E-15,980.0000E-3,-23.4614E-15,000.0000E-3
105.8671E-15,990.0000E-3,-23.7396E-15,000.0000E-3
108.3653E-15,1.0000E+0,-24.3386E-15,000.0000E-3
107.9850E-15,1.0100E+0,-28.3406E-15,000.0000E-3
114.0733E-15,1.0200E+0,-30.3558E-15,000.0000E-3
115.0477E-15,1.0300E+0,-32.4492E-15,000.0000E-3
118.1394E-15,1.0400E+0,-32.6875E-15,000.0000E-3
120.6703E-15,1.0500E+0,-38.3269E-15,000.0000E-3
126.0434E-15,1.0600E+0,-42.5447E-15,000.0000E-3
123.4890E-15,1.0700E+0,-45.4163E-15,000.0000E-3
132.8274E-15,1.0800E+0,-47.3331E-15,000.0000E-3
136.8105E-15,1.0900E+0,-52.1807E-15,000.0000E-3
139.1514E-15,1.1000E+0,-56.4071E-15,000.0000E-3
147.0031E-15,1.1100E+0,-60.4104E-15,000.0000E-3
147.9661E-15,1.1200E+0,-65.5885E-15,000.0000E-3
155.8349E-15,1.1300E+0,-71.1359E-15,000.0000E-3
162.0573E-15,1.1400E+0,-75.3861E-15,000.0000E-3
164.3195E-15,1.1500E+0,-82.5827E-15,000.0000E-3
169.3976E-15,1.1600E+0,-90.9909E-15,000.0000E-3
181.1338E-15,1.1700E+0,-96.0137E-15,000.0000E-3
186.4238E-15,1.1800E+0,-102.6115E-15,000.0000E-3
196.8131E-15,1.1900E+0,-111.8504E-15,000.0000E-3
203.6897E-15,1.2000E+0,-122.3304E-15,000.0000E-3
212.9106E-15,1.2100E+0,-130.7490E-15,000.0000E-3
223.3774E-15,1.2200E+0,-139.8383E-15,000.0000E-3
234.1364E-15,1.2300E+0,-150.9456E-15,000.0000E-3
242.3552E-15,1.2400E+0,-164.3236E-15,000.0000E-3
258.4139E-15,1.2500E+0,-175.7971E-15,000.0000E-3
272.8617E-15,1.2600E+0,-189.2496E-15,000.0000E-3
285.2494E-15,1.2700E+0,-203.2220E-15,000.0000E-3
302.3135E-15,1.2800E+0,-218.3585E-15,000.0000E-3
319.0301E-15,1.2900E+0,-234.0205E-15,000.0000E-3
335.6841E-15,1.3000E+0,-252.3343E-15,000.0000E-3
353.2573E-15,1.3100E+0,-270.0162E-15,000.0000E-3
373.7243E-15,1.3200E+0,-289.4995E-15,000.0000E-3
394.3737E-15,1.3300E+0,-309.4746E-15,000.0000E-3
420.8647E-15,1.3400E+0,-333.4184E-15,000.0000E-3
443.6254E-15,1.3500E+0,-356.6167E-15,000.0000E-3
466.6284E-15,1.3600E+0,-381.9696E-15,000.0000E-3
493.6999E-15,1.3700E+0,-408.5450E-15,000.0000E-3
524.1247E-15,1.3800E+0,-437.5435E-15,000.0000E-3
553.9656E-15,1.3900E+0,-466.2860E-15,000.0000E-3
588.5066E-15,1.4000E+0,-499.2561E-15,000.0000E-3
619.9795E-15,1.4100E+0,-536.0667E-15,000.0000E-3
654.1790E-15,1.4200E+0,-571.8131E-15,000.0000E-3
695.7151E-15,1.4300E+0,-608.2928E-15,000.0000E-3
738.9082E-15,1.4400E+0,-650.8340E-15,000.0000E-3
780.4597E-15,1.4500E+0,-693.6839E-15,000.0000E-3
825.0897E-15,1.4600E+0,-741.2731E-15,000.0000E-3
873.2809E-15,1.4700E+0,-791.7732E-15,000.0000E-3
924.9462E-15,1.4800E+0,-843.7269E-15,000.0000E-3
985.3065E-15,1.4900E+0,-897.5719E-15,000.0000E-3
1.0412E-12,1.5000E+0,-956.0748E-15,000.0000E-3
1.1043E-12,1.5100E+0,-1.0165E-12,000.0000E-3
1.1709E-12,1.5200E+0,-1.0833E-12,000.0000E-3
1.2370E-12,1.5300E+0,-1.1545E-12,000.0000E-3
1.3149E-12,1.5400E+0,-1.2264E-12,000.0000E-3
1.3919E-12,1.5500E+0,-1.3044E-12,000.0000E-3
1.4710E-12,1.5600E+0,-1.3874E-12,000.0000E-3
1.5580E-12,1.5700E+0,-1.4719E-12,000.0000E-3
1.6493E-12,1.5800E+0,-1.5643E-12,000.0000E-3
1.7477E-12,1.5900E+0,-1.6604E-12,000.0000E-3
1.8483E-12,1.6000E+0,-1.7637E-12,000.0000E-3
1.9611E-12,1.6100E+0,-1.8706E-12,000.0000E-3
2.0737E-12,1.6200E+0,-1.9859E-12,000.0000E-3
2.1949E-12,1.6300E+0,-2.1058E-12,000.0000E-3
2.3211E-12,1.6400E+0,-2.2326E-12,000.0000E-3
2.4512E-12,1.6500E+0,-2.3667E-12,000.0000E-3
2.5955E-12,1.6600E+0,-2.5072E-12,000.0000E-3
2.7384E-12,1.6700E+0,-2.6541E-12,000.0000E-3
2.8940E-12,1.6800E+0,-2.8095E-12,000.0000E-3
3.0408E-12,1.6900E+0,-2.9875E-12,000.0000E-3
3.2264E-12,1.7000E+0,-3.1445E-12,000.0000E-3
3.4196E-12,1.7100E+0,-3.3313E-12,000.0000E-3
3.6117E-12,1.7200E+0,-3.5212E-12,000.0000E-3
3.8150E-12,1.7300E+0,-3.7239E-12,000.0000E-3
4.0163E-12,1.7400E+0,-3.9259E-12,000.0000E-3
4.2371E-12,1.7500E+0,-4.1458E-12,000.0000E-3
4.4719E-12,1.7600E+0,-4.3820E-12,000.0000E-3
4.7144E-12,1.7700E+0,-4.6260E-12,000.0000E-3
4.9706E-12,1.7800E+0,-4.8812E-12,000.0000E-3
5.2382E-12,1.7900E+0,-4.9082E-12,000.0000E-3
5.5208E-12,1.8000E+0,-5.2965E-12,000.0000E-3
5.8177E-12,1.8100E+0,-5.6588E-12,000.0000E-3
6.1268E-12,1.8200E+0,-6.0000E-12,000.0000E-3
6.4573E-12,1.8300E+0,-6.3427E-12,000.0000E-3
6.8023E-12,1.8400E+0,-6.6953E-12,000.0000E-3
7.1538E-12,1.8500E+0,-7.0583E-12,000.0000E-3
7.5359E-12,1.8600E+0,-7.4440E-12,000.0000E-3
7.9313E-12,1.8700E+0,-7.8385E-12,000.0000E-3
8.3428E-12,1.8800E+0,-8.2518E-12,000.0000E-3
8.7792E-12,1.8900E+0,-8.6886E-12,000.0000E-3
9.2302E-12,1.9000E+0,-9.1419E-12,000.0000E-3
9.7018E-12,1.9100E+0,-9.6122E-12,000.0000E-3
10.2004E-12,1.9200E+0,-10.1102E-12,000.0000E-3
10.7206E-12,1.9300E+0,-10.6352E-12,000.0000E-3
11.2685E-12,1.9400E+0,-11.1828E-12,000.0000E-3
11.8285E-12,1.9500E+0,-11.7452E-12,000.0000E-3
12.4300E-12,1.9600E+0,-12.3461E-12,000.0000E-3
13.0432E-12,1.9700E+0,-12.9593E-12,000.0000E-3
13.6956E-12,1.9800E+0,-13.6106E-12,000.0000E-3
14.3656E-12,1.9900E+0,-14.2838E-12,000.0000E-3
15.0801E-12,2.0000E+0,-14.9966E-12,000.0000E-3
15.8155E-12,2.0100E+0,-15.7306E-12,000.0000E-3
16.5933E-12,2.0200E+0,-16.5060E-12,000.0000E-3
17.4032E-12,2.0300E+0,-17.3150E-12,000.0000E-3
18.2400E-12,2.0400E+0,-18.1590E-12,000.0000E-3
19.1183E-12,2.0500E+0,-19.0364E-12,000.0000E-3
20.0021E-12,2.0600E+0,-19.9259E-12,000.0000E-3
20.9556E-12,2.0700E+0,-20.8746E-12,000.0000E-3
21.9545E-12,2.0800E+0,-21.8750E-12,000.0000E-3
22.9896E-12,2.0900E+0,-22.9077E-12,000.0000E-3
24.0665E-12,2.1000E+0,-23.9887E-12,000.0000E-3
25.1962E-12,2.1100E+0,-25.1197E-12,000.0000E-3
26.3766E-12,2.1200E+0,-26.2962E-12,000.0000E-3
27.5961E-12,2.1300E+0,-27.5190E-12,000.0000E-3
28.8690E-12,2.1400E+0,-28.7902E-12,000.0000E-3
30.1970E-12,2.1500E+0,-30.1209E-12,000.0000E-3
31.5809E-12,2.1600E+0,-31.5072E-12,000.0000E-3
33.0154E-12,2.1700E+0,-32.9398E-12,000.0000E-3
34.5173E-12,2.1800E+0,-34.4420E-12,000.0000E-3
36.0814E-12,2.1900E+0,-36.0052E-12,000.0000E-3
37.6981E-12,2.2000E+0,-37.6274E-12,000.0000E-3
39.3858E-12,2.2100E+0,-39.3103E-12,000.0000E-3
41.1384E-12,2.2200E+0,-41.0654E-12,000.0000E-3
42.9557E-12,2.2300E+0,-42.8898E-12,000.0000E-3
44.8545E-12,2.2400E+0,-44.7873E-12,000.0000E-3
46.8310E-12,2.2500E+0,-46.7647E-12,000.0000E-3
48.8668E-12,2.2600E+0,-48.8022E-12,000.0000E-3
50.3530E-12,2.2700E+0,-50.1664E-12,000.0000E-3
53.1472E-12,2.2800E+0,-52.9510E-12,000.0000E-3
55.6410E-12,2.2900E+0,-55.3715E-12,000.0000E-3
58.1006E-12,2.3000E+0,-57.8069E-12,000.0000E-3
60.6192E-12,2.3100E+0,-60.3641E-12,000.0000E-3
63.1484E-12,2.3200E+0,-62.8470E-12,000.0000E-3
65.8594E-12,2.3300E+0,-65.5443E-12,000.0000E-3
68.6318E-12,2.3400E+0,-68.3730E-12,000.0000E-3
71.4530E-12,2.3500E+0,-71.2327E-12,000.0000E-3
74.4218E-12,2.3600E+0,-74.1996E-12,000.0000E-3
77.4373E-12,2.3700E+0,-77.1978E-12,000.0000E-3
80.5969E-12,2.3800E+0,-80.3840E-12,000.0000E-3
83.9117E-12,2.3900E+0,-83.7169E-12,000.0000E-3
87.3622E-12,2.4000E+0,-87.1611E-12,000.0000E-3
90.9045E-12,2.4100E+0,-90.7815E-12,000.0000E-3
94.6200E-12,2.4200E+0,-94.4324E-12,000.0000E-3
98.4556E-12,2.4300E+0,-98.3049E-12,000.0000E-3
102.4345E-12,2.4400E+0,-102.2501E-12,000.0000E-3
106.6020E-12,2.4500E+0,-106.3815E-12,000.0000E-3
110.7918E-12,2.4600E+0,-110.6180E-12,000.0000E-3
115.2315E-12,2.4700E+0,-115.0841E-12,000.0000E-3
119.7951E-12,2.4800E+0,-119.6580E-12,000.0000E-3
124.5170E-12,2.4900E+0,-124.3942E-12,000.0000E-3
129.4821E-12,2.5000E+0,-129.3064E-12,000.0000E-3
134.5943E-12,2.5100E+0,-134.4026E-12,000.0000E-3
139.7762E-12,2.5200E+0,-139.6576E-12,000.0000E-3
145.2067E-12,2.5300E+0,-145.0896E-12,000.0000E-3
150.8765E-12,2.5400E+0,-150.7427E-12,000.0000E-3
156.7300E-12,2.5500E+0,-156.5683E-12,000.0000E-3
162.7017E-12,2.5600E+0,-162.5691E-12,000.0000E-3
168.9940E-12,2.5700E+0,-168.7842E-12,000.0000E-3
175.4176E-12,2.5800E+0,-175.2746E-12,000.0000E-3
182.1133E-12,2.5900E+0,-181.9700E-12,000.0000E-3
188.9263E-12,2.6000E+0,-188.8160E-12,000.0000E-3
196.1145E-12,2.6100E+0,-196.0074E-12,000.0000E-3
203.4613E-12,2.6200E+0,-203.4002E-12,000.0000E-3
211.1269E-12,2.6300E+0,-210.9611E-12,000.0000E-3
219.0004E-12,2.6400E+0,-218.9101E-12,000.0000E-3
227.0789E-12,2.6500E+0,-226.9708E-12,000.0000E-3
235.5189E-12,2.6600E+0,-235.4018E-12,000.0000E-3
244.1924E-12,2.6700E+0,-244.0486E-12,000.0000E-3
252.8545E-12,2.6800E+0,-252.7009E-12,000.0000E-3
262.0691E-12,2.6900E+0,-261.9748E-12,000.0000E-3
271.6156E-12,2.7000E+0,-271.4938E-12,000.0000E-3
281.4647E-12,2.7100E+0,-281.4030E-12,000.0000E-3
291.6213E-12,2.7200E+0,-291.5181E-12,000.0000E-3
302.1238E-12,2.7300E+0,-302.0289E-12,000.0000E-3
312.9665E-12,2.7400E+0,-312.8313E-12,000.0000E-3
324.1239E-12,2.7500E+0,-324.0411E-12,000.0000E-3
335.7184E-12,2.7600E+0,-335.6158E-12,000.0000E-3
347.6173E-12,2.7700E+0,-347.5574E-12,000.0000E-3
359.8612E-12,2.7800E+0,-359.7700E-12,000.0000E-3
372.5470E-12,2.7900E+0,-372.4112E-12,000.0000E-3
385.5561E-12,2.8000E+0,-385.4642E-12,000.0000E-3
399.0638E-12,2.8100E+0,-398.9249E-12,000.0000E-3
412.9617E-12,2.8200E+0,-412.8501E-12,000.0000E-3
427.3123E-12,2.8300E+0,-427.2045E-12,000.0000E-3
442.1157E-12,2.8400E+0,-441.9962E-12,000.0000E-3
457.3386E-12,2.8500E+0,-457.2733E-12,000.0000E-3
472.9413E-12,2.8600E+0,-472.8155E-12,000.0000E-3
489.1472E-12,2.8700E+0,-489.0378E-12,000.0000E-3
506.9221E-12,2.8800E+0,-505.9304E-12,000.0000E-3
523.9157E-12,2.8900E+0,-522.9644E-12,000.0000E-3
541.7063E-12,2.9000E+0,-540.6488E-12,000.0000E-3
559.9240E-12,2.9100E+0,-558.8958E-12,000.0000E-3
578.7830E-12,2.9200E+0,-577.5337E-12,000.0000E-3
597.9218E-12,2.9300E+0,-596.9363E-12,000.0000E-3
617.7768E-12,2.9400E+0,-616.7007E-12,000.0000E-3
638.4693E-12,2.9500E+0,-637.4828E-12,000.0000E-3
659.5907E-12,2.9600E+0,-658.5866E-12,000.0000E-3
681.2824E-12,2.9700E+0,-680.3898E-12,000.0000E-3
703.8573E-12,2.9800E+0,-702.8978E-12,000.0000E-3
726.1526E-12,2.9900E+0,-725.0349E-12,000.0000E-3
749.8959E-12,3.0000E+0,-748.7179E-12,000.0000E-3
774.4046E-12,3.0100E+0,-773.3511E-12,000.0000E-3
799.6012E-12,3.0200E+0,-798.5300E-12,000.0000E-3
825.5623E-12,3.0300E+0,-824.6213E-12,000.0000E-3
852.5046E-12,3.0400E+0,-851.2826E-12,000.0000E-3
879.8063E-12,3.0500E+0,-878.7184E-12,000.0000E-3
908.2339E-12,3.0600E+0,-907.0031E-12,000.0000E-3
937.3371E-12,3.0700E+0,-936.3499E-12,000.0000E-3
967.3022E-12,3.0800E+0,-966.0428E-12,000.0000E-3
998.1034E-12,3.0900E+0,-996.8694E-12,000.0000E-3
1.0299E-9,3.1000E+0,-1.0286E-9,000.0000E-3
1.0625E-9,3.1100E+0,-1.0611E-9,000.0000E-3
1.0960E-9,3.1200E+0,-1.0948E-9,000.0000E-3
1.1307E-9,3.1300E+0,-1.1295E-9,000.0000E-3
1.1662E-9,3.1400E+0,-1.1650E-9,000.0000E-3
1.2029E-9,3.1500E+0,-1.2015E-9,000.0000E-3
1.2405E-9,3.1600E+0,-1.2393E-9,000.0000E-3
1.2791E-9,3.1700E+0,-1.2780E-9,000.0000E-3
1.3188E-9,3.1800E+0,-1.3175E-9,000.0000E-3
1.3600E-9,3.1900E+0,-1.3588E-9,000.0000E-3
1.4022E-9,3.2000E+0,-1.4009E-9,000.0000E-3
1.4456E-9,3.2100E+0,-1.4441E-9,000.0000E-3
1.4900E-9,3.2200E+0,-1.4886E-9,000.0000E-3
1.5361E-9,3.2300E+0,-1.5346E-9,000.0000E-3
1.5833E-9,3.2400E+0,-1.5817E-9,000.0000E-3
1.6317E-9,3.2500E+0,-1.6303E-9,000.0000E-3
1.6815E-9,3.2600E+0,-1.6801E-9,000.0000E-3
1.7328E-9,3.2700E+0,-1.7313E-9,000.0000E-3
1.7856E-9,3.2800E+0,-1.7840E-9,000.0000E-3
1.8400E-9,3.2900E+0,-1.8382E-9,000.0000E-3
1.8938E-9,3.3000E+0,-1.8920E-9,000.0000E-3
1.9509E-9,3.3100E+0,-1.9492E-9,000.0000E-3
2.0101E-9,3.3200E+0,-2.0083E-9,000.0000E-3
2.0710E-9,3.3300E+0,-2.0690E-9,000.0000E-3
2.1332E-9,3.3400E+0,-2.1311E-9,000.0000E-3
2.1967E-9,3.3500E+0,-2.1947E-9,000.0000E-3
2.2629E-9,3.3600E+0,-2.2607E-9,000.0000E-3
2.3304E-9,3.3700E+0,-2.3282E-9,000.0000E-3
2.4001E-9,3.3800E+0,-2.3979E-9,000.0000E-3
2.4718E-9,3.3900E+0,-2.4695E-9,000.0000E-3
2.5456E-9,3.4000E+0,-2.5433E-9,000.0000E-3
2.6216E-9,3.4100E+0,-2.6192E-9,000.0000E-3
2.6995E-9,3.4200E+0,-2.6969E-9,000.0000E-3
2.7798E-9,3.4300E+0,-2.7773E-9,000.0000E-3
2.8619E-9,3.4400E+0,-2.8592E-9,000.0000E-3
2.9470E-9,3.4500E+0,-2.9440E-9,000.0000E-3
3.0341E-9,3.4600E+0,-3.0312E-9,000.0000E-3
3.1235E-9,3.4700E+0,-3.1205E-9,000.0000E-3
3.2162E-9,3.4800E+0,-3.2131E-9,000.0000E-3
3.3111E-9,3.4900E+0,-3.3078E-9,000.0000E-3
3.4088E-9,3.5000E+0,-3.4055E-9,000.0000E-3
3.5094E-9,3.5100E+0,-3.5059E-9,000.0000E-3
3.6122E-9,3.5200E+0,-3.6085E-9,000.0000E-3
3.7188E-9,3.5300E+0,-3.7151E-9,000.0000E-3
3.8283E-9,3.5400E+0,-3.8243E-9,000.0000E-3
3.9411E-9,3.5500E+0,-3.9369E-9,000.0000E-3
4.0567E-9,3.5600E+0,-4.0524E-9,000.0000E-3
4.1755E-9,3.5700E+0,-4.1710E-9,000.0000E-3
4.2982E-9,3.5800E+0,-4.2935E-9,000.0000E-3
4.4241E-9,3.5900E+0,-4.4195E-9,000.0000E-3
4.5538E-9,3.6000E+0,-4.5487E-9,000.0000E-3
4.6828E-9,3.6100E+0,-4.6773E-9,000.0000E-3
4.8204E-9,3.6200E+0,-4.8149E-9,000.0000E-3
4.9617E-9,3.6300E+0,-4.9558E-9,000.0000E-3
5.1119E-9,3.6400E+0,-5.0968E-9,000.0000E-3
5.2622E-9,3.6500E+0,-5.2470E-9,000.0000E-3
5.4158E-9,3.6600E+0,-5.4003E-9,000.0000E-3
5.5749E-9,3.6700E+0,-5.5593E-9,000.0000E-3
5.7378E-9,3.6800E+0,-5.7215E-9,000.0000E-3
5.9063E-9,3.6900E+0,-5.8910E-9,000.0000E-3
6.0799E-9,3.7000E+0,-6.0638E-9,000.0000E-3
6.2588E-9,3.7100E+0,-6.2423E-9,000.0000E-3
6.4427E-9,3.7200E+0,-6.4260E-9,000.0000E-3
6.6330E-9,3.7300E+0,-6.6157E-9,000.0000E-3
6.8282E-9,3.7400E+0,-6.8110E-9,000.0000E-3
7.0292E-9,3.7500E+0,-7.0114E-9,000.0000E-3
7.2371E-9,3.7600E+0,-7.2187E-9,000.0000E-3
7.4508E-9,3.7700E+0,-7.4319E-9,000.0000E-3
7.6722E-9,3.7800E+0,-7.6524E-9,000.0000E-3
7.8993E-9,3.7900E+0,-7.8793E-9,000.0000E-3
8.1337E-9,3.8000E+0,-8.1132E-9,000.0000E-3
8.3750E-9,3.8100E+0,-8.3536E-9,000.0000E-3
8.6258E-9,3.8200E+0,-8.6038E-9,000.0000E-3
8.8825E-9,3.8300E+0,-8.8598E-9,000.0000E-3
9.1482E-9,3.8400E+0,-9.1246E-9,000.0000E-3
9.4206E-9,3.8500E+0,-9.3966E-9,000.0000E-3
9.7043E-9,3.8600E+0,-9.6796E-9,000.0000E-3
9.9967E-9,3.8700E+0,-9.9708E-9,000.0000E-3
10.2967E-9,3.8800E+0,-10.2702E-9,000.0000E-3
10.6076E-9,3.8900E+0,-10.5808E-9,000.0000E-3
10.9291E-9,3.9000E+0,-10.9022E-9,000.0000E-3
11.2612E-9,3.9100E+0,-11.2329E-9,000.0000E-3
11.5910E-9,3.9200E+0,-11.5625E-9,000.0000E-3
11.9443E-9,3.9300E+0,-11.9137E-9,000.0000E-3
12.3101E-9,3.9400E+0,-12.2795E-9,000.0000E-3
12.6878E-9,3.9500E+0,-12.6553E-9,000.0000E-3
13.0795E-9,3.9600E+0,-13.0454E-9,000.0000E-3
13.4824E-9,3.9700E+0,-13.4483E-9,000.0000E-3
13.8994E-9,3.9800E+0,-13.8633E-9,000.0000E-3
14.3312E-9,3.9900E+0,-14.2940E-9,000.0000E-3
14.7777E-9,4.0000E+0,-14.7390E-9,000.0000E-3
15.2409E-9,4.0100E+0,-15.2012E-9,000.0000E-3
15.7171E-9,4.0200E+0,-15.6769E-9,000.0000E-3
16.2143E-9,4.0300E+0,-16.1730E-9,000.0000E-3
16.7244E-9,4.0400E+0,-16.6823E-9,000.0000E-3
17.2603E-9,4.0500E+0,-17.2152E-9,000.0000E-3
17.8101E-9,4.0600E+0,-17.7633E-9,000.0000E-3
18.3829E-9,4.0700E+0,-18.3350E-9,000.0000E-3
18.9757E-9,4.0800E+0,-18.9255E-9,000.0000E-3
19.5910E-9,4.0900E+0,-19.5389E-9,000.0000E-3
20.2267E-9,4.1000E+0,-20.1738E-9,000.0000E-3
20.8914E-9,4.1100E+0,-20.8357E-9,000.0000E-3
21.5752E-9,4.1200E+0,-21.5172E-9,000.0000E-3
22.2890E-9,4.1300E+0,-22.2286E-9,000.0000E-3
23.0290E-9,4.1400E+0,-22.9666E-9,000.0000E-3
23.7989E-9,4.1500E+0,-23.7338E-9,000.0000E-3
24.6035E-9,4.1600E+0,-24.5348E-9,000.0000E-3
25.4314E-9,4.1700E+0,-25.3613E-9,000.0000E-3
26.2964E-9,4.1800E+0,-26.2233E-9,000.0000E-3
27.1964E-9,4.1900E+0,-27.1199E-9,000.0000E-3
28.1339E-9,4.2000E+0,-28.0550E-9,000.0000E-3
29.1072E-9,4.2100E+0,-29.0254E-9,000.0000E-3
30.1263E-9,4.2200E+0,-30.0415E-9,000.0000E-3
31.1491E-9,4.2300E+0,-31.0606E-9,000.0000E-3
32.2517E-9,4.2400E+0,-32.1595E-9,000.0000E-3
33.4051E-9,4.2500E+0,-33.3095E-9,000.0000E-3
34.6092E-9,4.2600E+0,-34.5099E-9,000.0000E-3
35.8625E-9,4.2700E+0,-35.7590E-9,000.0000E-3
37.1755E-9,4.2800E+0,-37.0673E-9,000.0000E-3
38.5455E-9,4.2900E+0,-38.4322E-9,000.0000E-3
39.9837E-9,4.3000E+0,-39.8659E-9,000.0000E-3
41.4828E-9,4.3100E+0,-41.3600E-9,000.0000E-3
43.0580E-9,4.3200E+0,-42.9303E-9,000.0000E-3
44.7088E-9,4.3300E+0,-44.5751E-9,000.0000E-3
46.4367E-9,4.3400E+0,-46.2981E-9,000.0000E-3
48.2540E-9,4.3500E+0,-48.1092E-9,000.0000E-3
50.1980E-9,4.3600E+0,-49.9616E-9,000.0000E-3
52.2046E-9,4.3700E+0,-51.9648E-9,000.0000E-3
54.3198E-9,4.3800E+0,-54.0745E-9,000.0000E-3
56.5357E-9,4.3900E+0,-56.2836E-9,000.0000E-3
58.8831E-9,4.4000E+0,-58.6167E-9,000.0000E-3
61.3591E-9,4.4100E+0,-61.0837E-9,000.0000E-3
63.9699E-9,4.4200E+0,-63.6895E-9,000.0000E-3
66.7318E-9,4.4300E+0,-66.4410E-9,000.0000E-3
69.6540E-9,4.4400E+0,-69.3518E-9,000.0000E-3
72.7382E-9,4.4500E+0,-72.4376E-9,000.0000E-3
76.0309E-9,4.4600E+0,-75.7120E-9,000.0000E-3
79.5290E-9,4.4700E+0,-79.1940E-9,000.0000E-3
83.2398E-9,4.4800E+0,-82.8880E-9,000.0000E-3
87.1928E-9,4.4900E+0,-86.8337E-9,000.0000E-3
91.4254E-9,4.5000E+0,-91.0439E-9,000.0000E-3
95.9493E-9,4.5100E+0,-95.5543E-9,000.0000E-3
100.7933E-9,4.5200E+0,-100.3778E-9,000.0000E-3
105.9732E-9,4.5300E+0,-105.5467E-9,000.0000E-3
111.3646E-9,4.5400E+0,-110.9169E-9,000.0000E-3
117.3703E-9,4.5500E+0,-116.9018E-9,000.0000E-3
123.8510E-9,4.5600E+0,-123.3629E-9,000.0000E-3
130.8680E-9,4.5700E+0,-130.3452E-9,000.0000E-3
138.4927E-9,4.5800E+0,-137.9471E-9,000.0000E-3
146.8214E-9,4.5900E+0,-146.2452E-9,000.0000E-3
155.8915E-9,4.6000E+0,-155.2810E-9,000.0000E-3
165.8578E-9,4.6100E+0,-165.2106E-9,000.0000E-3
176.8396E-9,4.6200E+0,-176.1582E-9,000.0000E-3
188.9620E-9,4.6300E+0,-188.2371E-9,000.0000E-3
202.4718E-9,4.6400E+0,-201.6970E-9,000.0000E-3
217.5596E-9,4.6500E+0,-216.7224E-9,000.0000E-3
234.5276E-9,4.6600E+0,-233.6283E-9,000.0000E-3
253.6844E-9,4.6700E+0,-252.7187E-9,000.0000E-3
275.6385E-9,4.6800E+0,-274.5920E-9,000.0000E-3
300.8663E-9,4.6900E+0,-299.7342E-9,000.0000E-3
330.1564E-9,4.7000E+0,-328.9248E-9,000.0000E-3
364.6529E-9,4.7100E+0,-363.2907E-9,000.0000E-3
405.4427E-9,4.7200E+0,-403.9382E-9,000.0000E-3
455.2778E-9,4.7300E+0,-453.5879E-9,000.0000E-3
517.4820E-9,4.7400E+0,-514.8535E-9,000.0000E-3
596.2384E-9,4.7500E+0,-593.2783E-9,000.0000E-3
698.6042E-9,4.7600E+0,-695.3023E-9,000.0000E-3
838.5616E-9,4.7700E+0,-834.8056E-9,000.0000E-3
1.0376E-6,4.7800E+0,-1.0331E-6,000.0000E-3
1.3433E-6,4.7900E+0,-1.3376E-6,000.0000E-3
1.8435E-6,4.8000E+0,-1.8361E-6,000.0000E-3
2.7291E-6,4.8100E+0,-2.7184E-6,000.0000E-3
4.4104E-6,4.8200E+0,-4.3935E-6,000.0000E-3
10.2892E-6,4.8300E+0,-10.2526E-6,000.0000E-3
21.4517E-6,4.8400E+0,-21.3730E-6,000.0000E-3
40.4863E-6,4.8500E+0,-40.3399E-6,000.0000E-3
64.7358E-6,4.8600E+0,-64.5234E-6,000.0000E-3
83.3198E-6,4.8700E+0,-83.0442E-6,000.0000E-3
101.5980E-6,4.8800E+0,-101.2625E-6,000.0000E-3
119.7036E-6,4.8900E+0,-119.3111E-6,000.0000E-3
137.6795E-6,4.9000E+0,-137.2335E-6,000.0000E-3
155.5346E-6,4.9100E+0,-155.0359E-6,000.0000E-3
173.3167E-6,4.9200E+0,-172.7676E-6,000.0000E-3
191.0527E-6,4.9300E+0,-190.4563E-6,000.0000E-3
208.6980E-6,4.9400E+0,-208.0565E-6,000.0000E-3
226.2694E-6,4.9500E+0,-225.5847E-6,000.0000E-3
243.7959E-6,4.9600E+0,-243.0706E-6,000.0000E-3
261.2550E-6,4.9700E+0,-260.4912E-6,000.0000E-3
278.6577E-6,4.9800E+0,-277.8572E-6,000.0000E-3
296.0042E-6,4.9900E+0,-295.1691E-6,000.0000E-3
313.2722E-6,5.0000E+0,-312.4046E-6,000.0000E-3
330.4851E-6,5.0100E+0,-329.5867E-6,000.0000E-3
347.6655E-6,5.0200E+0,-346.7386E-6,000.0000E-3
364.7695E-6,5.0300E+0,-363.8158E-6,000.0000E-3
381.7876E-6,5.0400E+0,-380.8093E-6,000.0000E-3
398.7531E-6,5.0500E+0,-397.7530E-6,000.0000E-3
415.6883E-6,5.0600E+0,-414.6662E-6,000.0000E-3
432.5340E-6,5.0700E+0,-431.4933E-6,000.0000E-3
449.2937E-6,5.0800E+0,-448.2357E-6,000.0000E-3
466.0127E-6,5.0900E+0,-464.9381E-6,000.0000E-3
482.6687E-6,5.1000E+0,-481.5812E-6,000.0000E-3
499.2320E-6,5.1100E+0,-498.1311E-6,000.0000E-3
515.6679E-6,5.1200E+0,-514.7022E-6,000.0000E-3
532.1011E-6,5.1300E+0,-531.1308E-6,000.0000E-3
548.4370E-6,5.1400E+0,-547.4560E-6,000.0000E-3
564.7221E-6,5.1500E+0,-563.7361E-6,000.0000E-3
580.9221E-6,5.1600E+0,-579.9264E-6,000.0000E-3
596.5115E-6,5.1700E+0,-595.5114E-6,000.0000E-3
612.5803E-6,5.1800E+0,-611.5760E-6,000.0000E-3
628.5718E-6,5.1900E+0,-627.5716E-6,000.0000E-3
644.4821E-6,5.2000E+0,-643.4781E-6,000.0000E-3
660.2940E-6,5.2100E+0,-659.2876E-6,000.0000E-3
676.0570E-6,5.2200E+0,-675.0541E-6,000.0000E-3
691.7381E-6,5.2300E+0,-690.7358E-6,000.0000E-3
707.3358E-6,5.2400E+0,-706.3384E-6,000.0000E-3
722.8313E-6,5.2500E+0,-721.8359E-6,000.0000E-3
738.2781E-6,5.2600E+0,-737.2834E-6,000.0000E-3
753.6425E-6,5.2700E+0,-752.6519E-6,000.0000E-3
768.9269E-6,5.2800E+0,-767.9455E-6,000.0000E-3
784.1099E-6,5.2900E+0,-783.1392E-6,000.0000E-3
799.2193E-6,5.3000E+0,-798.2450E-6,000.0000E-3
814.2312E-6,5.3100E+0,-813.2738E-6,000.0000E-3
829.1661E-6,5.3200E+0,-828.2111E-6,000.0000E-3
844.0404E-6,5.3300E+0,-843.0927E-6,000.0000E-3
858.7927E-6,5.3400E+0,-857.8556E-6,000.0000E-3
873.4920E-6,5.3500E+0,-872.5645E-6,000.0000E-3
888.1224E-6,5.3600E+0,-887.2126E-6,000.0000E-3
902.6324E-6,5.3700E+0,-901.7349E-6,000.0000E-3
917.0709E-6,5.3800E+0,-916.1769E-6,000.0000E-3
931.4014E-6,5.3900E+0,-930.5265E-6,000.0000E-3
945.6931E-6,5.4000E+0,-944.8211E-6,000.0000E-3
959.8721E-6,5.4100E+0,-959.0202E-6,000.0000E-3
973.9384E-6,5.4200E+0,-973.0957E-6,000.0000E-3
987.9400E-6,5.4300E+0,-987.1095E-6,000.0000E-3
1.0018E-3,5.4400E+0,-1.0010E-3,000.0000E-3
1.0156E-3,5.4500E+0,-1.0148E-3,000.0000E-3
1.0293E-3,5.4600E+0,-1.0286E-3,000.0000E-3
1.0430E-3,5.4700E+0,-1.0422E-3,000.0000E-3
1.0561E-3,5.4800E+0,-1.0554E-3,000.0000E-3
1.0696E-3,5.4900E+0,-1.0688E-3,000.0000E-3
1.0830E-3,5.5000E+0,-1.0822E-3,000.0000E-3
